test_month,model,n,MAE,RMSE,MAPE_%,MedianAPE_%
6,naive_median_rate_per_mile,4783,214.86667721727844,735.5732916650085,8.021117923801366,6.045837111155607
6,lgbm_no_quote_signal,4783,141.91787008013688,710.4358327397982,5.185350411624537,2.8815164809039127
6,lgbm_with_quote_signal,4783,117.24717236549607,701.5050004569755,4.219755402085093,1.815110673670573
6,lgbm_blend(final),4783,126.31461522136436,705.2186243484892,4.5914363138384875,2.269985816014813
7,naive_median_rate_per_mile,4912,143.23827544137148,640.1932446368943,5.917364676566763,3.41526642624145
7,lgbm_no_quote_signal,4912,98.36959532196327,628.9547370431761,4.022682034966527,1.6619917721452524
7,lgbm_with_quote_signal,4912,95.68486722703881,629.0398905944461,3.9044945371759003,1.443111284155054
7,lgbm_blend(final),4912,94.0145455681271,628.5606268749423,3.8314672601760567,1.439722653679695
8,naive_median_rate_per_mile,4759,124.87614947942923,619.7898593987264,5.890226956677317,2.9936837323554584
8,lgbm_no_quote_signal,4759,117.91340928090231,622.9295428503706,5.295122174634411,2.8688975800928804
8,lgbm_with_quote_signal,4759,128.11600095495118,622.4040985405522,5.9806908057887105,3.1951803812306805
8,lgbm_blend(final),4759,114.87561189828078,620.9087290510818,5.335368288692844,2.725436649860911
9,naive_median_rate_per_mile,4670,128.81417133671022,621.862262711199,5.512980009118045,3.049716378025611
9,lgbm_no_quote_signal,4670,189.1012806973181,643.2101225225487,7.596260980564518,5.608283610662561
9,lgbm_with_quote_signal,4670,103.64868192951312,617.3979196797192,4.205402871683143,1.99080102266658
9,lgbm_blend(final),4670,145.496513843321,628.009722648241,5.845059688444003,3.815609669500019
10,naive_median_rate_per_mile,4853,136.6056412431934,653.1651326119238,6.45207389904351,3.0957994199950147
10,lgbm_no_quote_signal,4853,143.78507015324877,658.6473502301645,6.4273923502410835,3.4942685729521314
10,lgbm_with_quote_signal,4853,139.95465841508667,657.7886222920557,6.365969180958997,3.380317491557869
10,lgbm_blend(final),4853,141.0747429743,657.7087912903652,6.359028889926123,3.4550056124779953
