feature,importance_qs_model
quote_signal,3617.3333333333335
log_dist,3008.0
dqs,2255.3333333333335
hav,1713.6666666666667
dmi,1516.6666666666667
weight,1410.0
eq,1162.6666666666667
market_index,883.0
pickup_lon,817.0
pickup_lat,765.3333333333334
delivery_lon,756.3333333333334
delivery_lat,707.6666666666666
dist_ratio,701.3333333333334
distance,588.0
dlon,453.6666666666667
dlat,438.6666666666667
dow,204.66666666666666
weight_neg,0.3333333333333333
mi_na,0.3333333333333333
weight_na,0.0
weight_cap,0.0
