month,mean_quote_signal,corr_quote_signal_vs_rate,corr_market_index_vs_rate
1,2.067593231341741,0.3558211166498692,0.22547688112371456
2,2.095856813084112,0.36386492192552644,0.26089341839018304
3,2.179309665659617,0.4186271443679531,0.2926403589949581
4,1.9645416179255206,-0.3049299474606277,0.3611646753252912
5,1.9133974149659863,-0.2763989279955223,0.20909262023270714
6,2.2968311504237287,0.3737220102315229,0.16781335169666273
7,1.9226359005570455,-0.3045543374868342,0.3961638227674208
8,2.052591492219143,-0.002349039479523682,0.22827546412713562
9,2.200184235779418,0.43276818122637084,0.09888656751090405
10,1.9428823821495913,-0.383267336026958,0.22039688719573336
